{
  "non_penetration": {
    "min": -2.8107566833496094,
    "max": -0.0,
    "mean": -0.17903059720993042,
    "median": -0.09415626525878906,
    "stddev": 0.2644326984882355,
    "percentile_1": -1.1998985385894776,
    "percentile_5": -0.6287307500839233,
    "percentile_25": -0.25754714012145996,
    "percentile_75": 0.0,
    "percentile_95": 0.0,
    "percentile_99": 0.0,
    "num_scenes": 1000
  },
  "not_out_of_bound": {
    "min": -1.93519926071167,
    "max": 0.0,
    "mean": -0.5080458521842957,
    "median": -0.33109530806541443,
    "stddev": 0.45862075686454773,
    "percentile_1": -1.6609764039516448,
    "percentile_5": -1.3388846457004546,
    "percentile_25": -0.8520268052816391,
    "percentile_75": -0.11134671978652477,
    "percentile_95": 0.0,
    "percentile_99": 0.0,
    "num_scenes": 1000
  },
  "accessibility": {
    "min": 0.26508432626724243,
    "max": 1.1464040279388428,
    "mean": 0.9600515961647034,
    "median": 1.012312412261963,
    "stddev": 0.14286671578884125,
    "percentile_1": 0.4593695858120918,
    "percentile_5": 0.5816437155008316,
    "percentile_25": 0.9789294749498367,
    "percentile_75": 1.0326406061649323,
    "percentile_95": 1.0650500535964966,
    "percentile_99": 1.0951110851764678,
    "num_scenes": 1000
  },
  "R2_no_adult_beds": {
    "min": 0.0,
    "max": 1.0,
    "mean": 0.9980000257492065,
    "median": 1.0,
    "stddev": 0.04467661306262016,
    "percentile_1": 1.0,
    "percentile_5": 1.0,
    "percentile_25": 1.0,
    "percentile_75": 1.0,
    "percentile_95": 1.0,
    "percentile_99": 1.0,
    "num_scenes": 1000
  },
  "R7_safe_nightstand_height": {
    "min": 0.0,
    "max": 0.800000011920929,
    "mean": 0.34217339754104614,
    "median": 0.38749998807907104,
    "stddev": 0.2168922871351242,
    "percentile_1": 0.0,
    "percentile_5": 0.0,
    "percentile_25": 0.20000000298023224,
    "percentile_75": 0.5,
    "percentile_95": 0.6666666865348816,
    "percentile_99": 0.75,
    "num_scenes": 1000
  },
  "R6_no_hazardous_furniture": {
    "min": 0.0,
    "max": 1.0,
    "mean": 0.9980000257492065,
    "median": 1.0,
    "stddev": 0.04467661306262016,
    "percentile_1": 1.0,
    "percentile_5": 1.0,
    "percentile_25": 1.0,
    "percentile_75": 1.0,
    "percentile_95": 1.0,
    "percentile_99": 1.0,
    "num_scenes": 1000
  },
  "R4_children_storage_preference": {
    "min": 0.0,
    "max": 1.0,
    "mean": 0.9980000257492065,
    "median": 1.0,
    "stddev": 0.04467661306262016,
    "percentile_1": 1.0,
    "percentile_5": 1.0,
    "percentile_25": 1.0,
    "percentile_75": 1.0,
    "percentile_95": 1.0,
    "percentile_99": 1.0,
    "num_scenes": 1000
  },
  "R5_sufficient_play_area": {
    "min": 0.0,
    "max": 1.0,
    "mean": 0.9499738812446594,
    "median": 1.0,
    "stddev": 0.13807065784931183,
    "percentile_1": 0.3808391329646111,
    "percentile_5": 0.6702579975128173,
    "percentile_25": 1.0,
    "percentile_75": 1.0,
    "percentile_95": 1.0,
    "percentile_99": 1.0,
    "num_scenes": 1000
  },
  "R8_minimal_furniture_density": {
    "min": 0.75,
    "max": 1.0,
    "mean": 0.9978749752044678,
    "median": 1.0,
    "stddev": 0.020429374650120735,
    "percentile_1": 0.875,
    "percentile_5": 1.0,
    "percentile_25": 1.0,
    "percentile_75": 1.0,
    "percentile_95": 1.0,
    "percentile_99": 1.0,
    "num_scenes": 1000
  },
  "R3_low_furniture_height": {
    "min": 1.0,
    "max": 1.0,
    "mean": 1.0,
    "median": 1.0,
    "stddev": 0.0,
    "percentile_1": 1.0,
    "percentile_5": 1.0,
    "percentile_25": 1.0,
    "percentile_75": 1.0,
    "percentile_95": 1.0,
    "percentile_99": 1.0,
    "num_scenes": 1000
  },
  "R1_kids_bed_present": {
    "min": 0.0,
    "max": 1.0,
    "mean": 0.014999999664723873,
    "median": 0.0,
    "stddev": 0.12155245244503021,
    "percentile_1": 0.0,
    "percentile_5": 0.0,
    "percentile_25": 0.0,
    "percentile_75": 0.0,
    "percentile_95": 0.0,
    "percentile_99": 1.0,
    "num_scenes": 1000
  }
}