{
  "non_penetration": {
    "min": -2.8107566833496094,
    "max": -0.0,
    "mean": -0.17903059720993042,
    "median": -0.09415626525878906,
    "stddev": 0.2644326984882355,
    "percentile_1": -1.1998985385894776,
    "percentile_5": -0.6287307500839233,
    "percentile_25": -0.25754714012145996,
    "percentile_75": 0.0,
    "percentile_95": 0.0,
    "percentile_99": 0.0,
    "num_scenes": 1000
  },
  "not_out_of_bound": {
    "min": -1.93519926071167,
    "max": 0.0,
    "mean": -0.5080458521842957,
    "median": -0.33109530806541443,
    "stddev": 0.45862075686454773,
    "percentile_1": -1.6609764039516448,
    "percentile_5": -1.3388846457004546,
    "percentile_25": -0.8520268052816391,
    "percentile_75": -0.11134671978652477,
    "percentile_95": 0.0,
    "percentile_99": 0.0,
    "num_scenes": 1000
  },
  "accessibility": {
    "min": 0.26508432626724243,
    "max": 1.1464040279388428,
    "mean": 0.9600515961647034,
    "median": 1.012312412261963,
    "stddev": 0.14286671578884125,
    "percentile_1": 0.4593695858120918,
    "percentile_5": 0.5816437155008316,
    "percentile_25": 0.9789294749498367,
    "percentile_75": 1.0326406061649323,
    "percentile_95": 1.0650500535964966,
    "percentile_99": 1.0951110851764678,
    "num_scenes": 1000
  },
  "SR2_strict_nightstand_height_limit": {
    "min": -5.0,
    "max": -0.3227071762084961,
    "mean": -3.8708975315093994,
    "median": -4.4442830085754395,
    "stddev": 1.376416563987732,
    "percentile_1": -5.0,
    "percentile_5": -5.0,
    "percentile_25": -5.0,
    "percentile_75": -3.30604487657547,
    "percentile_95": -0.9925550937652597,
    "percentile_99": -0.6338261377811432,
    "num_scenes": 1000
  },
  "SR1_kids_bed_required": {
    "min": -5.0,
    "max": 0.0,
    "mean": -4.925000190734863,
    "median": -5.0,
    "stddev": 0.6077622771263123,
    "percentile_1": -5.0,
    "percentile_5": -5.0,
    "percentile_25": -5.0,
    "percentile_75": -5.0,
    "percentile_95": -5.0,
    "percentile_99": 0.0,
    "num_scenes": 1000
  }
}