{
  "non_penetration": {
    "min": -1.026323676109314,
    "max": -0.0,
    "mean": -0.07090181112289429,
    "median": 0.0,
    "stddev": 0.1313994973897934,
    "percentile_1": -0.6525737106800079,
    "percentile_5": -0.3379593014717102,
    "percentile_25": -0.09811943769454956,
    "percentile_75": 0.0,
    "percentile_95": 0.0,
    "percentile_99": 0.0,
    "num_scenes": 1000
  },
  "not_out_of_bound": {
    "min": -2.2837748527526855,
    "max": 0.0,
    "mean": -0.31029316782951355,
    "median": -0.13605546951293945,
    "stddev": 0.36824527382850647,
    "percentile_1": -1.3354933726787568,
    "percentile_5": -1.034670501947403,
    "percentile_25": -0.5283127129077911,
    "percentile_75": -0.03096552612259984,
    "percentile_95": 0.0,
    "percentile_99": 0.0,
    "num_scenes": 1000
  },
  "accessibility": {
    "min": 0.4766242504119873,
    "max": 1.2643438577651978,
    "mean": 1.0427640676498413,
    "median": 1.037804365158081,
    "stddev": 0.10963981598615646,
    "percentile_1": 0.5520687037706375,
    "percentile_5": 0.8809175163507461,
    "percentile_25": 1.0123518109321594,
    "percentile_75": 1.104830950498581,
    "percentile_95": 1.1865826189517974,
    "percentile_99": 1.2112748897075654,
    "num_scenes": 1000
  },
  "gravity_following": {
    "min": -0.16878367960453033,
    "max": -0.0,
    "mean": -0.03751025348901749,
    "median": -0.034619949758052826,
    "stddev": 0.02258879318833351,
    "percentile_1": -0.10017559781670571,
    "percentile_5": -0.07816042527556419,
    "percentile_25": -0.05096736270934343,
    "percentile_75": -0.021030037198215723,
    "percentile_95": -0.0038945666514337124,
    "percentile_99": 0.0,
    "num_scenes": 1000
  },
  "SR3_lamps_near_bed_corners": {
    "min": -1.0,
    "max": -0.20133259892463684,
    "mean": -0.8895723819732666,
    "median": -0.9044187068939209,
    "stddev": 0.11044182628393173,
    "percentile_1": -1.0,
    "percentile_5": -1.0,
    "percentile_25": -1.0,
    "percentile_75": -0.8374266773462296,
    "percentile_95": -0.6983383208513261,
    "percentile_99": -0.5081707838177683,
    "num_scenes": 1000
  },
  "SR2_ceiling_lamp_count": {
    "min": -0.0,
    "max": -0.0,
    "mean": 0.0,
    "median": 0.0,
    "stddev": 0.0,
    "percentile_1": -0.0,
    "percentile_5": -0.0,
    "percentile_25": -0.0,
    "percentile_75": 0.0,
    "percentile_95": 0.0,
    "percentile_99": 0.0,
    "num_scenes": 1000
  },
  "SR1_bed_presence": {
    "min": -1.0,
    "max": 0.0,
    "mean": -0.6340000033378601,
    "median": -1.0,
    "stddev": 0.48170945048332214,
    "percentile_1": -1.0,
    "percentile_5": -1.0,
    "percentile_25": -1.0,
    "percentile_75": 0.0,
    "percentile_95": 0.0,
    "percentile_99": 0.0,
    "num_scenes": 1000
  }
}