{
  "non_penetration": {
    "min": -3.107208013534546,
    "max": 1.0,
    "mean": -0.03953547403216362,
    "median": -0.1591206192970276,
    "stddev": 0.6471772789955139,
    "percentile_1": -1.7676925146579743,
    "percentile_5": -0.9141434520483017,
    "percentile_25": -0.3662872016429901,
    "percentile_75": -0.012877017259597778,
    "percentile_95": 1.0,
    "percentile_99": 1.0,
    "num_scenes": 1000
  },
  "not_out_of_bound": {
    "min": -5.1097307205200195,
    "max": 1.0,
    "mean": -0.271331250667572,
    "median": -0.1900331974029541,
    "stddev": 0.617558479309082,
    "percentile_1": -1.4950697016716004,
    "percentile_5": -1.1581385731697083,
    "percentile_25": -0.6716597378253937,
    "percentile_75": -0.058931607753038406,
    "percentile_95": 1.0,
    "percentile_99": 1.0,
    "num_scenes": 1000
  },
  "accessibility": {
    "min": 0.18279188871383667,
    "max": 1.1655864715576172,
    "mean": 0.9178683757781982,
    "median": 0.9970543384552002,
    "stddev": 0.188515767455101,
    "percentile_1": 0.24725226670503617,
    "percentile_5": 0.49375507682561875,
    "percentile_25": 0.8924461007118225,
    "percentile_75": 1.0250860154628754,
    "percentile_95": 1.0604512751102448,
    "percentile_99": 1.0896376693248748,
    "num_scenes": 1000
  }
}