{
  "non_penetration": {
    "min": -2.967644691467285,
    "max": -0.0,
    "mean": -0.3458549678325653,
    "median": -0.2763529419898987,
    "stddev": 0.35881221294403076,
    "percentile_1": -1.8018094646930694,
    "percentile_5": -1.0511849045753479,
    "percentile_25": -0.45298585295677185,
    "percentile_75": -0.10242795944213867,
    "percentile_95": 0.0,
    "percentile_99": 0.0,
    "num_scenes": 1000
  },
  "not_out_of_bound": {
    "min": -2.1374900341033936,
    "max": 0.0,
    "mean": -0.4581626355648041,
    "median": -0.27354294061660767,
    "stddev": 0.4535214602947235,
    "percentile_1": -1.5486624920368195,
    "percentile_5": -1.3218652248382567,
    "percentile_25": -0.8124629408121109,
    "percentile_75": -0.07556352019309998,
    "percentile_95": 0.0,
    "percentile_99": 0.0,
    "num_scenes": 1000
  },
  "accessibility": {
    "min": 0.0478782020509243,
    "max": 1.1148549318313599,
    "mean": 0.9518895149230957,
    "median": 1.0067483186721802,
    "stddev": 0.14745205640792847,
    "percentile_1": 0.4439893990755081,
    "percentile_5": 0.5753762274980545,
    "percentile_25": 0.9384812414646149,
    "percentile_75": 1.0288398563861847,
    "percentile_95": 1.0619603395462036,
    "percentile_99": 1.0937908780574799,
    "num_scenes": 1000
  },
  "SR1_bed_headboard_faces_east_soft": {
    "min": -0.30000001192092896,
    "max": 1.0,
    "mean": 0.6046044826507568,
    "median": 0.5002310276031494,
    "stddev": 0.320796936750412,
    "percentile_1": 0.0,
    "percentile_5": 0.0,
    "percentile_25": 0.5,
    "percentile_75": 0.9996513873338699,
    "percentile_95": 1.0,
    "percentile_99": 1.0,
    "num_scenes": 1000
  },
  "SR2_bed_exists_in_scene": {
    "min": -1.0,
    "max": 1.0,
    "mean": 0.9919999837875366,
    "median": 1.0,
    "stddev": 0.12623785436153412,
    "percentile_1": 1.0,
    "percentile_5": 1.0,
    "percentile_25": 1.0,
    "percentile_75": 1.0,
    "percentile_95": 1.0,
    "percentile_99": 1.0,
    "num_scenes": 1000
  },
  "SR3_bed_placement_stability": {
    "min": -1.0,
    "max": 1.0,
    "mean": 0.9907220602035522,
    "median": 1.0,
    "stddev": 0.12669777870178223,
    "percentile_1": 0.938801703453064,
    "percentile_5": 1.0,
    "percentile_25": 1.0,
    "percentile_75": 1.0,
    "percentile_95": 1.0,
    "percentile_99": 1.0,
    "num_scenes": 1000
  }
}