{
  "non_penetration": {
    "min": -15.186002731323242,
    "max": -0.0,
    "mean": -1.526950716972351,
    "median": -1.2153316736221313,
    "stddev": 1.3393733501434326,
    "percentile_1": -6.5904167366027835,
    "percentile_5": -4.073525071144104,
    "percentile_25": -1.9039883613586426,
    "percentile_75": -0.7127210199832916,
    "percentile_95": -0.255345329642296,
    "percentile_99": 0.0,
    "num_scenes": 1000
  },
  "not_out_of_bound": {
    "min": -10.950777053833008,
    "max": 0.0,
    "mean": -3.7848916053771973,
    "median": -3.4998369216918945,
    "stddev": 2.1964335441589355,
    "percentile_1": -9.49248872756958,
    "percentile_5": -7.702101445198059,
    "percentile_25": -5.213401556015015,
    "percentile_75": -2.134537935256958,
    "percentile_95": -0.5978819102048876,
    "percentile_99": -0.07798033535480504,
    "num_scenes": 1000
  },
  "accessibility": {
    "min": 0.20211675763130188,
    "max": 1.169342041015625,
    "mean": 1.0064260959625244,
    "median": 1.0451384782791138,
    "stddev": 0.11016702651977539,
    "percentile_1": 0.5270215344429016,
    "percentile_5": 0.7967059433460235,
    "percentile_25": 0.9670715779066086,
    "percentile_75": 1.064764827489853,
    "percentile_95": 1.0959554076194764,
    "percentile_99": 1.1224680304527284,
    "num_scenes": 1000
  }
}